file,mutation,original_activity,calculated_reward
moclobemide_processed.csv,"[(154, 'V', 'A'), (197, 'I', 'I'), (300, 'A', 'A'), (407, 'R', 'R')]",0.0,0.09699999999999775
moclobemide_processed.csv,"[(154, 'V', 'A'), (197, 'I', 'S'), (300, 'A', 'F'), (407, 'R', 'R')]",0.0349721442399999,1.6214999999999993
moclobemide_processed.csv,"[(154, 'V', 'A'), (197, 'I', 'T'), (300, 'A', 'F'), (407, 'R', 'R')]",0.061591229568,2.2605000000000004
moclobemide_processed.csv,"[(154, 'V', 'C'), (197, 'I', 'I'), (300, 'A', 'A'), (407, 'R', 'R')]",0.0891692707907509,-0.48900000000000077
moclobemide_processed.csv,"[(154, 'V', 'C'), (197, 'I', 'S'), (300, 'A', 'F'), (407, 'R', 'R')]",0.0349721442399999,1.7255000000000003
moclobemide_processed.csv,"[(154, 'V', 'C'), (197, 'I', 'T'), (300, 'A', 'F'), (407, 'R', 'R')]",0.109495519232,1.4194999999999993
moclobemide_processed.csv,"[(154, 'V', 'D'), (197, 'I', 'I'), (300, 'A', 'A'), (407, 'R', 'R')]",0.016920672951629,0.47449999999999903
moclobemide_processed.csv,"[(154, 'V', 'D'), (197, 'I', 'S'), (300, 'A', 'F'), (407, 'R', 'R')]",0.0909275750239999,1.3829999999999991
moclobemide_processed.csv,"[(154, 'V', 'D'), (197, 'I', 'T'), (300, 'A', 'F'), (407, 'R', 'R')]",0.020530409856,1.0634999999999977
moclobemide_processed.csv,"[(154, 'V', 'E'), (197, 'I', 'I'), (300, 'A', 'A'), (407, 'R', 'R')]",0.0369451310034717,1.2174999999999976
moclobemide_processed.csv,"[(154, 'V', 'E'), (197, 'I', 'S'), (300, 'A', 'F'), (407, 'R', 'R')]",0.0699442884799999,2.032
moclobemide_processed.csv,"[(154, 'V', 'E'), (197, 'I', 'T'), (300, 'A', 'F'), (407, 'R', 'R')]",0.06843469952,1.9724999999999966
moclobemide_processed.csv,"[(154, 'V', 'F'), (197, 'I', 'I'), (300, 'A', 'A'), (407, 'R', 'R')]",0.0040980560144173,-0.18100000000000094
moclobemide_processed.csv,"[(154, 'V', 'F'), (197, 'I', 'S'), (300, 'A', 'F'), (407, 'R', 'R')]",0.0839331461759999,1.3919999999999995
moclobemide_processed.csv,"[(154, 'V', 'F'), (197, 'I', 'T'), (300, 'A', 'F'), (407, 'R', 'R')]",0.082121639424,0.9755000000000038
moclobemide_processed.csv,"[(154, 'V', 'G'), (197, 'I', 'I'), (300, 'A', 'A'), (407, 'R', 'R')]",0.0710289797742902,0.42949999999999733
moclobemide_processed.csv,"[(154, 'V', 'G'), (197, 'I', 'S'), (300, 'A', 'F'), (407, 'R', 'R')]",0.0909275750239999,1.804000000000002
moclobemide_processed.csv,"[(154, 'V', 'G'), (197, 'I', 'T'), (300, 'A', 'F'), (407, 'R', 'R')]",0.06843469952,1.4684999999999988
moclobemide_processed.csv,"[(154, 'V', 'H'), (197, 'I', 'I'), (300, 'A', 'A'), (407, 'R', 'R')]",0.0146140717414351,0.44099999999999895
moclobemide_processed.csv,"[(154, 'V', 'H'), (197, 'I', 'S'), (300, 'A', 'F'), (407, 'R', 'R')]",0.0909275750239999,1.3934999999999995
moclobemide_processed.csv,"[(154, 'V', 'H'), (197, 'I', 'T'), (300, 'A', 'F'), (407, 'R', 'R')]",0.06843469952,0.19400000000000261
moclobemide_processed.csv,"[(154, 'V', 'I'), (197, 'I', 'I'), (300, 'A', 'A'), (407, 'R', 'R')]",0.0438431744098904,-0.2394999999999996
moclobemide_processed.csv,"[(154, 'V', 'I'), (197, 'I', 'S'), (300, 'A', 'F'), (407, 'R', 'R')]",0.0209832865439999,1.8144999999999953
moclobemide_processed.csv,"[(154, 'V', 'I'), (197, 'I', 'T'), (300, 'A', 'F'), (407, 'R', 'R')]",0.06843469952,1.355000000000004
moclobemide_processed.csv,"[(154, 'V', 'K'), (197, 'I', 'I'), (300, 'A', 'A'), (407, 'R', 'R')]",0.0,-0.12300000000000111
moclobemide_processed.csv,"[(154, 'V', 'K'), (197, 'I', 'S'), (300, 'A', 'F'), (407, 'R', 'R')]",0.10491643272,1.0909999999999975
moclobemide_processed.csv,"[(154, 'V', 'K'), (197, 'I', 'T'), (300, 'A', 'F'), (407, 'R', 'R')]",0.116338989184,2.237499999999997
moclobemide_processed.csv,"[(154, 'V', 'L'), (197, 'I', 'I'), (300, 'A', 'A'), (407, 'R', 'R')]",0.0522870163424179,0.459500000000002
moclobemide_processed.csv,"[(154, 'V', 'L'), (197, 'I', 'S'), (300, 'A', 'F'), (407, 'R', 'R')]",0.2797771539199999,1.7220000000000013
moclobemide_processed.csv,"[(154, 'V', 'L'), (197, 'I', 'T'), (300, 'A', 'F'), (407, 'R', 'R')]",0.095808579328,1.685500000000001
moclobemide_processed.csv,"[(154, 'V', 'M'), (197, 'I', 'I'), (300, 'A', 'A'), (407, 'R', 'R')]",0.0,-0.8134999999999977
moclobemide_processed.csv,"[(154, 'V', 'M'), (197, 'I', 'S'), (300, 'A', 'F'), (407, 'R', 'R')]",0.048961001936,1.2779999999999987
moclobemide_processed.csv,"[(154, 'V', 'M'), (197, 'I', 'T'), (300, 'A', 'F'), (407, 'R', 'R')]",0.061591229568,2.184000000000001
moclobemide_processed.csv,"[(154, 'V', 'N'), (197, 'I', 'I'), (300, 'A', 'A'), (407, 'R', 'R')]",0.0,0.3200000000000003
moclobemide_processed.csv,"[(154, 'V', 'N'), (197, 'I', 'S'), (300, 'A', 'F'), (407, 'R', 'R')]",0.0419665730879999,1.718
moclobemide_processed.csv,"[(154, 'V', 'N'), (197, 'I', 'T'), (300, 'A', 'F'), (407, 'R', 'R')]",0.061591229568,1.3840000000000003
moclobemide_processed.csv,"[(154, 'V', 'P'), (197, 'I', 'I'), (300, 'A', 'A'), (407, 'R', 'R')]",0.0099490980851068,0.10700000000000287
moclobemide_processed.csv,"[(154, 'V', 'P'), (197, 'I', 'S'), (300, 'A', 'F'), (407, 'R', 'R')]",0.0629498596319999,0.9089999999999989
moclobemide_processed.csv,"[(154, 'V', 'P'), (197, 'I', 'T'), (300, 'A', 'F'), (407, 'R', 'R')]",0.082121639424,-0.10199999999999676
moclobemide_processed.csv,"[(154, 'V', 'Q'), (197, 'I', 'I'), (300, 'A', 'A'), (407, 'R', 'R')]",0.0,0.9255000000000031
moclobemide_processed.csv,"[(154, 'V', 'Q'), (197, 'I', 'S'), (300, 'A', 'F'), (407, 'R', 'R')]",0.0629498596319999,1.7539999999999978
moclobemide_processed.csv,"[(154, 'V', 'Q'), (197, 'I', 'T'), (300, 'A', 'F'), (407, 'R', 'R')]",0.082121639424,1.6019999999999968
moclobemide_processed.csv,"[(154, 'V', 'R'), (197, 'I', 'I'), (300, 'A', 'A'), (407, 'R', 'R')]",0.0194492337355307,0.5054999999999978
moclobemide_processed.csv,"[(154, 'V', 'R'), (197, 'I', 'S'), (300, 'A', 'F'), (407, 'R', 'R')]",0.097922003872,1.3530000000000015
moclobemide_processed.csv,"[(154, 'V', 'R'), (197, 'I', 'T'), (300, 'A', 'F'), (407, 'R', 'R')]",0.095808579328,1.4249999999999972
moclobemide_processed.csv,"[(154, 'V', 'S'), (197, 'I', 'A'), (300, 'A', 'A'), (407, 'R', 'R')]",0.2233087999999999,0.9149999999999991
moclobemide_processed.csv,"[(154, 'V', 'S'), (197, 'I', 'A'), (300, 'A', 'F'), (407, 'R', 'R')]",0.5686118416,1.5890000000000022
moclobemide_processed.csv,"[(154, 'V', 'S'), (197, 'I', 'A'), (300, 'A', 'L'), (407, 'R', 'R')]",0.4708170198000001,0.36999999999999744
moclobemide_processed.csv,"[(154, 'V', 'S'), (197, 'I', 'C'), (300, 'A', 'A'), (407, 'R', 'R')]",0.1256111999999999,0.5620000000000012
moclobemide_processed.csv,"[(154, 'V', 'S'), (197, 'I', 'C'), (300, 'A', 'F'), (407, 'R', 'R')]",0.1861826384,1.0265000000000022
moclobemide_processed.csv,"[(154, 'V', 'S'), (197, 'I', 'C'), (300, 'A', 'L'), (407, 'R', 'R')]",0.0860633262,0.8584999999999994
moclobemide_processed.csv,"[(154, 'V', 'S'), (197, 'I', 'D'), (300, 'A', 'A'), (407, 'R', 'R')]",0.2233087999999999,1.2785000000000046
moclobemide_processed.csv,"[(154, 'V', 'S'), (197, 'I', 'D'), (300, 'A', 'F'), (407, 'R', 'R')]",0.0553515952,1.868000000000002
moclobemide_processed.csv,"[(154, 'V', 'S'), (197, 'I', 'D'), (300, 'A', 'L'), (407, 'R', 'R')]",0.0202501944,0.5405000000000015
moclobemide_processed.csv,"[(154, 'V', 'S'), (197, 'I', 'E'), (300, 'A', 'A'), (407, 'R', 'R')]",0.0907191999999999,0.8164999999999978
moclobemide_processed.csv,"[(154, 'V', 'S'), (197, 'I', 'E'), (300, 'A', 'F'), (407, 'R', 'R')]",0.0301917792,1.6935000000000002
moclobemide_processed.csv,"[(154, 'V', 'S'), (197, 'I', 'E'), (300, 'A', 'L'), (407, 'R', 'R')]",0.0911258748,0.454500000000003
moclobemide_processed.csv,"[(154, 'V', 'S'), (197, 'I', 'F'), (300, 'A', 'A'), (407, 'R', 'R')]",0.0523379999999999,0.7170000000000023
moclobemide_processed.csv,"[(154, 'V', 'S'), (197, 'I', 'F'), (300, 'A', 'F'), (407, 'R', 'R')]",0.2314703072,1.0299999999999976
moclobemide_processed.csv,"[(154, 'V', 'S'), (197, 'I', 'F'), (300, 'A', 'L'), (407, 'R', 'R')]",0.177189201,0.5259999999999998
moclobemide_processed.csv,"[(154, 'V', 'S'), (197, 'I', 'G'), (300, 'A', 'A'), (407, 'R', 'R')]",0.0907191999999999,0.7945000000000029
moclobemide_processed.csv,"[(154, 'V', 'S'), (197, 'I', 'G'), (300, 'A', 'F'), (407, 'R', 'R')]",0.1207671168,1.5755000000000017
moclobemide_processed.csv,"[(154, 'V', 'S'), (197, 'I', 'G'), (300, 'A', 'L'), (407, 'R', 'R')]",0.1316262636,1.2514999999999965
moclobemide_processed.csv,"[(154, 'V', 'S'), (197, 'I', 'H'), (300, 'A', 'A'), (407, 'R', 'R')]",0.1430571999999999,0.4319999999999986
moclobemide_processed.csv,"[(154, 'V', 'S'), (197, 'I', 'H'), (300, 'A', 'F'), (407, 'R', 'R')]",0.0050319632,2.163999999999998
moclobemide_processed.csv,"[(154, 'V', 'S'), (197, 'I', 'H'), (300, 'A', 'L'), (407, 'R', 'R')]",0.0607505832,0.5789999999999988
moclobemide_processed.csv,"[(154, 'V', 'S'), (197, 'I', 'I'), (300, 'A', 'A'), (407, 'R', 'A')]",0.3489199999999999,-0.796999999999997
moclobemide_processed.csv,"[(154, 'V', 'S'), (197, 'I', 'I'), (300, 'A', 'A'), (407, 'R', 'C')]",0.3489199999999999,-0.1109999999999971
moclobemide_processed.csv,"[(154, 'V', 'S'), (197, 'I', 'I'), (300, 'A', 'A'), (407, 'R', 'D')]",0.0802515999999999,-0.4994999999999976
moclobemide_processed.csv,"[(154, 'V', 'S'), (197, 'I', 'I'), (300, 'A', 'A'), (407, 'R', 'E')]",0.1779491999999999,-0.10900000000000176
moclobemide_processed.csv,"[(154, 'V', 'S'), (197, 'I', 'I'), (300, 'A', 'A'), (407, 'R', 'F')]",0.1779491999999999,-0.01899999999999835
moclobemide_processed.csv,"[(154, 'V', 'S'), (197, 'I', 'I'), (300, 'A', 'A'), (407, 'R', 'G')]",0.3210063999999999,0.21100000000000207
moclobemide_processed.csv,"[(154, 'V', 'S'), (197, 'I', 'I'), (300, 'A', 'A'), (407, 'R', 'H')]",0.2582007999999999,-0.1479999999999997
moclobemide_processed.csv,"[(154, 'V', 'S'), (197, 'I', 'I'), (300, 'A', 'A'), (407, 'R', 'I')]",0.3593876,-0.6814999999999998
moclobemide_processed.csv,"[(154, 'V', 'S'), (197, 'I', 'I'), (300, 'A', 'A'), (407, 'R', 'K')]",0.2023735999999999,0.2525000000000013
moclobemide_processed.csv,"[(154, 'V', 'S'), (197, 'I', 'I'), (300, 'A', 'A'), (407, 'R', 'L')]",0.2896035999999999,-0.28500000000000014
moclobemide_processed.csv,"[(154, 'V', 'S'), (197, 'I', 'I'), (300, 'A', 'A'), (407, 'R', 'M')]",0.3210063999999999,0.26750000000000185
moclobemide_processed.csv,"[(154, 'V', 'S'), (197, 'I', 'I'), (300, 'A', 'A'), (407, 'R', 'N')]",0.3454307999999999,0.08549999999999613
moclobemide_processed.csv,"[(154, 'V', 'S'), (197, 'I', 'I'), (300, 'A', 'A'), (407, 'R', 'P')]",0.0662947999999999,0.9369999999999976
moclobemide_processed.csv,"[(154, 'V', 'S'), (197, 'I', 'I'), (300, 'A', 'A'), (407, 'R', 'Q')]",0.3907904,-0.5960000000000001
moclobemide_processed.csv,"[(154, 'V', 'S'), (197, 'I', 'I'), (300, 'A', 'A'), (407, 'R', 'R')]",0.3184931977925127,-0.08049999999999713
moclobemide_processed.csv,"[(154, 'V', 'S'), (197, 'I', 'I'), (300, 'A', 'A'), (407, 'R', 'S')]",0.3384523999999999,0.4264999999999972
moclobemide_processed.csv,"[(154, 'V', 'S'), (197, 'I', 'I'), (300, 'A', 'A'), (407, 'R', 'T')]",0.3419415999999999,-0.19650000000000034
moclobemide_processed.csv,"[(154, 'V', 'S'), (197, 'I', 'I'), (300, 'A', 'A'), (407, 'R', 'V')]",0.3907904,-0.35249999999999915
moclobemide_processed.csv,"[(154, 'V', 'S'), (197, 'I', 'I'), (300, 'A', 'A'), (407, 'R', 'W')]",0.0976976,0.3039999999999985
moclobemide_processed.csv,"[(154, 'V', 'S'), (197, 'I', 'I'), (300, 'A', 'A'), (407, 'R', 'Y')]",0.1779491999999999,0.3839999999999968
moclobemide_processed.csv,"[(154, 'V', 'S'), (197, 'I', 'I'), (300, 'A', 'C'), (407, 'R', 'R')]",0.1917297261639027,0.5210000000000008
moclobemide_processed.csv,"[(154, 'V', 'S'), (197, 'I', 'I'), (300, 'A', 'D'), (407, 'R', 'R')]",0.0245533174911817,0.1645000000000003
moclobemide_processed.csv,"[(154, 'V', 'S'), (197, 'I', 'I'), (300, 'A', 'E'), (407, 'R', 'R')]",0.1172148626450386,-1.0150000000000006
moclobemide_processed.csv,"[(154, 'V', 'S'), (197, 'I', 'I'), (300, 'A', 'F'), (407, 'R', 'A')]",0.4176529456,1.221
moclobemide_processed.csv,"[(154, 'V', 'S'), (197, 'I', 'I'), (300, 'A', 'F'), (407, 'R', 'C')]",0.4176529456,0.6524999999999999
moclobemide_processed.csv,"[(154, 'V', 'S'), (197, 'I', 'I'), (300, 'A', 'F'), (407, 'R', 'D')]",0.0553515952,1.5265000000000022
moclobemide_processed.csv,"[(154, 'V', 'S'), (197, 'I', 'I'), (300, 'A', 'F'), (407, 'R', 'E')]",0.1459269328,0.7889999999999979
moclobemide_processed.csv,"[(154, 'V', 'S'), (197, 'I', 'I'), (300, 'A', 'F'), (407, 'R', 'F')]",0.276757976,1.1389999999999958
moclobemide_processed.csv,"[(154, 'V', 'S'), (197, 'I', 'I'), (300, 'A', 'F'), (407, 'R', 'G')]",0.3824292032,1.3509999999999955
moclobemide_processed.csv,"[(154, 'V', 'S'), (197, 'I', 'I'), (300, 'A', 'F'), (407, 'R', 'H')]",0.3170136816,1.557500000000001
moclobemide_processed.csv,"[(154, 'V', 'S'), (197, 'I', 'I'), (300, 'A', 'F'), (407, 'R', 'I')]",0.3623013504,0.9830000000000041
moclobemide_processed.csv,"[(154, 'V', 'S'), (197, 'I', 'I'), (300, 'A', 'F'), (407, 'R', 'K')]",0.2415342336,1.0410000000000004
moclobemide_processed.csv,"[(154, 'V', 'S'), (197, 'I', 'I'), (300, 'A', 'F'), (407, 'R', 'L')]",0.4377807984,0.6650000000000027
moclobemide_processed.csv,"[(154, 'V', 'S'), (197, 'I', 'I'), (300, 'A', 'F'), (407, 'R', 'M')]",0.3673333136,1.2424999999999997
moclobemide_processed.csv,"[(154, 'V', 'S'), (197, 'I', 'I'), (300, 'A', 'F'), (407, 'R', 'N')]",0.4075890192,1.3275000000000006
moclobemide_processed.csv,"[(154, 'V', 'S'), (197, 'I', 'I'), (300, 'A', 'F'), (407, 'R', 'P')]",0.0905753376,1.743000000000002
moclobemide_processed.csv,"[(154, 'V', 'S'), (197, 'I', 'I'), (300, 'A', 'F'), (407, 'R', 'Q')]",0.402557056,1.731499999999997
moclobemide_processed.csv,"[(154, 'V', 'S'), (197, 'I', 'I'), (300, 'A', 'F'), (407, 'R', 'R')]",0.5111150659113349,1.5919999999999987
moclobemide_processed.csv,"[(154, 'V', 'S'), (197, 'I', 'I'), (300, 'A', 'F'), (407, 'R', 'S')]",0.2968858288,1.1469999999999985
moclobemide_processed.csv,"[(154, 'V', 'S'), (197, 'I', 'I'), (300, 'A', 'F'), (407, 'R', 'T')]",0.402557056,0.9064999999999976
moclobemide_processed.csv,"[(154, 'V', 'S'), (197, 'I', 'I'), (300, 'A', 'F'), (407, 'R', 'V')]",0.3824292032,0.7925000000000004
moclobemide_processed.csv,"[(154, 'V', 'S'), (197, 'I', 'I'), (300, 'A', 'F'), (407, 'R', 'W')]",0.1811506752,1.1774999999999984
moclobemide_processed.csv,"[(154, 'V', 'S'), (197, 'I', 'I'), (300, 'A', 'F'), (407, 'R', 'Y')]",0.2415342336,0.7875000000000014
moclobemide_processed.csv,"[(154, 'V', 'S'), (197, 'I', 'I'), (300, 'A', 'G'), (407, 'R', 'R')]",0.0918472068700833,1.475999999999999
moclobemide_processed.csv,"[(154, 'V', 'S'), (197, 'I', 'I'), (300, 'A', 'H'), (407, 'R', 'R')]",0.1128766302685638,1.3405000000000022
moclobemide_processed.csv,"[(154, 'V', 'S'), (197, 'I', 'I'), (300, 'A', 'I'), (407, 'R', 'R')]",0.0609730089807897,0.7654999999999994
moclobemide_processed.csv,"[(154, 'V', 'S'), (197, 'I', 'I'), (300, 'A', 'K'), (407, 'R', 'R')]",0.0856838550977913,2.323999999999998
moclobemide_processed.csv,"[(154, 'V', 'S'), (197, 'I', 'I'), (300, 'A', 'L'), (407, 'R', 'A')]",0.3999413394000001,0.3114999999999988
moclobemide_processed.csv,"[(154, 'V', 'S'), (197, 'I', 'I'), (300, 'A', 'L'), (407, 'R', 'C')]",0.4860046656,0.3689999999999998
moclobemide_processed.csv,"[(154, 'V', 'S'), (197, 'I', 'I'), (300, 'A', 'L'), (407, 'R', 'D')]",0.1113760692,-0.17199999999999882
moclobemide_processed.csv,"[(154, 'V', 'S'), (197, 'I', 'I'), (300, 'A', 'L'), (407, 'R', 'E')]",0.2632525272,0.001999999999995339
moclobemide_processed.csv,"[(154, 'V', 'S'), (197, 'I', 'I'), (300, 'A', 'L'), (407, 'R', 'F')]",0.3189405618000001,0.5109999999999992
moclobemide_processed.csv,"[(154, 'V', 'S'), (197, 'I', 'I'), (300, 'A', 'L'), (407, 'R', 'G')]",0.4505668254000001,-1.197499999999998
moclobemide_processed.csv,"[(154, 'V', 'S'), (197, 'I', 'I'), (300, 'A', 'L'), (407, 'R', 'H')]",0.4201915338,0.4059999999999988
moclobemide_processed.csv,"[(154, 'V', 'S'), (197, 'I', 'I'), (300, 'A', 'L'), (407, 'R', 'I')]",0.4606919226000001,0.41300000000000026
moclobemide_processed.csv,"[(154, 'V', 'S'), (197, 'I', 'I'), (300, 'A', 'L'), (407, 'R', 'K')]",0.3341282076,0.7605000000000004
moclobemide_processed.csv,"[(154, 'V', 'S'), (197, 'I', 'I'), (300, 'A', 'L'), (407, 'R', 'L')]",0.4505668254000001,0.7175000000000011
moclobemide_processed.csv,"[(154, 'V', 'S'), (197, 'I', 'I'), (300, 'A', 'L'), (407, 'R', 'M')]",0.430316631,0.8984999999999985
moclobemide_processed.csv,"[(154, 'V', 'S'), (197, 'I', 'I'), (300, 'A', 'L'), (407, 'R', 'N')]",0.4505668254000001,0.6855000000000011
moclobemide_processed.csv,"[(154, 'V', 'S'), (197, 'I', 'I'), (300, 'A', 'L'), (407, 'R', 'P')]",0.1721266524,-0.6489999999999991
moclobemide_processed.csv,"[(154, 'V', 'S'), (197, 'I', 'I'), (300, 'A', 'L'), (407, 'R', 'Q')]",0.4455042768000001,0.6214999999999993
moclobemide_processed.csv,"[(154, 'V', 'S'), (197, 'I', 'I'), (300, 'A', 'L'), (407, 'R', 'R')]",0.5141479228895197,0.6145000000000032
moclobemide_processed.csv,"[(154, 'V', 'S'), (197, 'I', 'I'), (300, 'A', 'L'), (407, 'R', 'S')]",0.4455042768000001,-0.4654999999999987
moclobemide_processed.csv,"[(154, 'V', 'S'), (197, 'I', 'I'), (300, 'A', 'L'), (407, 'R', 'T')]",0.5113174086000001,0.2245000000000008
moclobemide_processed.csv,"[(154, 'V', 'S'), (197, 'I', 'I'), (300, 'A', 'L'), (407, 'R', 'V')]",0.4505668254000001,0.6315000000000008
moclobemide_processed.csv,"[(154, 'V', 'S'), (197, 'I', 'I'), (300, 'A', 'L'), (407, 'R', 'W')]",0.2126270412,0.6490000000000009
moclobemide_processed.csv,"[(154, 'V', 'S'), (197, 'I', 'I'), (300, 'A', 'L'), (407, 'R', 'Y')]",0.3240031104,0.42849999999999966
moclobemide_processed.csv,"[(154, 'V', 'S'), (197, 'I', 'I'), (300, 'A', 'M'), (407, 'R', 'R')]",0.0784920746442652,1.575999999999997
moclobemide_processed.csv,"[(154, 'V', 'S'), (197, 'I', 'I'), (300, 'A', 'N'), (407, 'R', 'R')]",0.1530653595519456,1.7814999999999976
moclobemide_processed.csv,"[(154, 'V', 'S'), (197, 'I', 'I'), (300, 'A', 'P'), (407, 'R', 'R')]",0.0808776360555216,0.5964999999999989
moclobemide_processed.csv,"[(154, 'V', 'S'), (197, 'I', 'I'), (300, 'A', 'Q'), (407, 'R', 'R')]",0.1949125058928897,1.5729999999999968
moclobemide_processed.csv,"[(154, 'V', 'S'), (197, 'I', 'I'), (300, 'A', 'R'), (407, 'R', 'R')]",0.073683020229468,1.3789999999999978
moclobemide_processed.csv,"[(154, 'V', 'S'), (197, 'I', 'I'), (300, 'A', 'S'), (407, 'R', 'R')]",0.2061069006799609,1.0625
moclobemide_processed.csv,"[(154, 'V', 'S'), (197, 'I', 'I'), (300, 'A', 'T'), (407, 'R', 'R')]",0.0244704309464104,0.6174999999999997
moclobemide_processed.csv,"[(154, 'V', 'S'), (197, 'I', 'I'), (300, 'A', 'V'), (407, 'R', 'R')]",0.3781063209891592,0.2300000000000022
moclobemide_processed.csv,"[(154, 'V', 'S'), (197, 'I', 'I'), (300, 'A', 'W'), (407, 'R', 'R')]",0.2138026045269946,0.06299999999999883
moclobemide_processed.csv,"[(154, 'V', 'S'), (197, 'I', 'I'), (300, 'A', 'Y'), (407, 'R', 'R')]",0.082768021915396,1.355999999999998
moclobemide_processed.csv,"[(154, 'V', 'S'), (197, 'I', 'K'), (300, 'A', 'A'), (407, 'R', 'R')]",0.1081651999999999,1.0850000000000009
moclobemide_processed.csv,"[(154, 'V', 'S'), (197, 'I', 'K'), (300, 'A', 'F'), (407, 'R', 'R')]",0.0301917792,1.3680000000000003
moclobemide_processed.csv,"[(154, 'V', 'S'), (197, 'I', 'K'), (300, 'A', 'L'), (407, 'R', 'R')]",0.1113760692,1.0800000000000018
moclobemide_processed.csv,"[(154, 'V', 'S'), (197, 'I', 'L'), (300, 'A', 'A'), (407, 'R', 'R')]",0.0,1.8000000000000007
moclobemide_processed.csv,"[(154, 'V', 'S'), (197, 'I', 'L'), (300, 'A', 'F'), (407, 'R', 'R')]",0.025159816,1.4819999999999993
moclobemide_processed.csv,"[(154, 'V', 'S'), (197, 'I', 'L'), (300, 'A', 'L'), (407, 'R', 'R')]",0.1366888122,1.4375000000000018
moclobemide_processed.csv,"[(154, 'V', 'S'), (197, 'I', 'M'), (300, 'A', 'A'), (407, 'R', 'R')]",0.1674815999999999,0.7714999999999996
moclobemide_processed.csv,"[(154, 'V', 'S'), (197, 'I', 'M'), (300, 'A', 'F'), (407, 'R', 'R')]",0.0301917792,1.4259999999999984
moclobemide_processed.csv,"[(154, 'V', 'S'), (197, 'I', 'M'), (300, 'A', 'L'), (407, 'R', 'R')]",0.050625486,0.2085000000000008
moclobemide_processed.csv,"[(154, 'V', 'S'), (197, 'I', 'N'), (300, 'A', 'A'), (407, 'R', 'R')]",0.1256111999999999,1.0645000000000024
moclobemide_processed.csv,"[(154, 'V', 'S'), (197, 'I', 'N'), (300, 'A', 'F'), (407, 'R', 'R')]",0.176118712,1.440999999999999
moclobemide_processed.csv,"[(154, 'V', 'S'), (197, 'I', 'N'), (300, 'A', 'L'), (407, 'R', 'R')]",0.0354378402,1.039500000000002
moclobemide_processed.csv,"[(154, 'V', 'S'), (197, 'I', 'P'), (300, 'A', 'A'), (407, 'R', 'R')]",0.0628055999999999,0.24399999999999977
moclobemide_processed.csv,"[(154, 'V', 'S'), (197, 'I', 'P'), (300, 'A', 'F'), (407, 'R', 'R')]",0.276757976,0.714500000000001
moclobemide_processed.csv,"[(154, 'V', 'S'), (197, 'I', 'P'), (300, 'A', 'L'), (407, 'R', 'R')]",0.1113760692,0.22799999999999976
moclobemide_processed.csv,"[(154, 'V', 'S'), (197, 'I', 'Q'), (300, 'A', 'A'), (407, 'R', 'R')]",0.1709707999999999,0.6535000000000011
moclobemide_processed.csv,"[(154, 'V', 'S'), (197, 'I', 'Q'), (300, 'A', 'F'), (407, 'R', 'R')]",0.0905753376,0.775500000000001
moclobemide_processed.csv,"[(154, 'V', 'S'), (197, 'I', 'Q'), (300, 'A', 'L'), (407, 'R', 'R')]",0.0810007776,0.43100000000000094
moclobemide_processed.csv,"[(154, 'V', 'S'), (197, 'I', 'R'), (300, 'A', 'A'), (407, 'R', 'R')]",0.1500355999999999,0.33349999999999724
moclobemide_processed.csv,"[(154, 'V', 'S'), (197, 'I', 'R'), (300, 'A', 'F'), (407, 'R', 'R')]",0.1912146016,1.3629999999999995
moclobemide_processed.csv,"[(154, 'V', 'S'), (197, 'I', 'R'), (300, 'A', 'L'), (407, 'R', 'R')]",0.075938229,0.7125000000000004
moclobemide_processed.csv,"[(154, 'V', 'S'), (197, 'I', 'S'), (300, 'A', 'A'), (407, 'R', 'R')]",0.3698552,0.48300000000000054
moclobemide_processed.csv,"[(154, 'V', 'S'), (197, 'I', 'S'), (300, 'A', 'C'), (407, 'R', 'R')]",0.20983286544,-0.1374999999999993
moclobemide_processed.csv,"[(154, 'V', 'S'), (197, 'I', 'S'), (300, 'A', 'D'), (407, 'R', 'R')]",0.2028384365919999,-0.05900000000000105
moclobemide_processed.csv,"[(154, 'V', 'S'), (197, 'I', 'S'), (300, 'A', 'E'), (407, 'R', 'R')]",0.1748607211999999,0.2605000000000004
moclobemide_processed.csv,"[(154, 'V', 'S'), (197, 'I', 'S'), (300, 'A', 'F'), (407, 'R', 'A')]",0.0909275750239999,0.6715000000000018
moclobemide_processed.csv,"[(154, 'V', 'S'), (197, 'I', 'S'), (300, 'A', 'F'), (407, 'R', 'C')]",0.650481882864,0.7784999999999975
moclobemide_processed.csv,"[(154, 'V', 'S'), (197, 'I', 'S'), (300, 'A', 'F'), (407, 'R', 'D')]",0.0209832865439999,0.10799999999999699
moclobemide_processed.csv,"[(154, 'V', 'S'), (197, 'I', 'S'), (300, 'A', 'F'), (407, 'R', 'E')]",0.0629498596319999,1.218999999999994
moclobemide_processed.csv,"[(154, 'V', 'S'), (197, 'I', 'S'), (300, 'A', 'F'), (407, 'R', 'F')]",0.73441502904,1.5584999999999987
moclobemide_processed.csv,"[(154, 'V', 'S'), (197, 'I', 'S'), (300, 'A', 'F'), (407, 'R', 'G')]",0.370704728944,0.3125
moclobemide_processed.csv,"[(154, 'V', 'S'), (197, 'I', 'S'), (300, 'A', 'F'), (407, 'R', 'H')]",0.3497214423999999,1.0489999999999995
moclobemide_processed.csv,"[(154, 'V', 'S'), (197, 'I', 'S'), (300, 'A', 'F'), (407, 'R', 'I')]",0.937253465632,0.7070000000000007
moclobemide_processed.csv,"[(154, 'V', 'S'), (197, 'I', 'S'), (300, 'A', 'F'), (407, 'R', 'K')]",0.2028384365919999,1.6170000000000009
moclobemide_processed.csv,"[(154, 'V', 'S'), (197, 'I', 'S'), (300, 'A', 'F'), (407, 'R', 'L')]",0.958236752176,1.060500000000001
moclobemide_processed.csv,"[(154, 'V', 'S'), (197, 'I', 'S'), (300, 'A', 'F'), (407, 'R', 'M')]",0.8113537463679998,1.334500000000002
moclobemide_processed.csv,"[(154, 'V', 'S'), (197, 'I', 'S'), (300, 'A', 'F'), (407, 'R', 'N')]",0.3287381558559999,0.979499999999998
moclobemide_processed.csv,"[(154, 'V', 'S'), (197, 'I', 'S'), (300, 'A', 'F'), (407, 'R', 'P')]",0.0349721442399999,0.6400000000000006
moclobemide_processed.csv,"[(154, 'V', 'S'), (197, 'I', 'S'), (300, 'A', 'F'), (407, 'R', 'Q')]",0.8882924636959999,1.5885000000000034
moclobemide_processed.csv,"[(154, 'V', 'S'), (197, 'I', 'S'), (300, 'A', 'F'), (407, 'R', 'R')]",0.6994428847999999,1.5874999999999986
moclobemide_processed.csv,"[(154, 'V', 'S'), (197, 'I', 'S'), (300, 'A', 'F'), (407, 'R', 'S')]",0.118905290416,1.1765000000000043
moclobemide_processed.csv,"[(154, 'V', 'S'), (197, 'I', 'S'), (300, 'A', 'F'), (407, 'R', 'T')]",0.7134317424959999,1.3279999999999994
moclobemide_processed.csv,"[(154, 'V', 'S'), (197, 'I', 'S'), (300, 'A', 'F'), (407, 'R', 'V')]",0.951242323328,1.3895000000000053
moclobemide_processed.csv,"[(154, 'V', 'S'), (197, 'I', 'S'), (300, 'A', 'F'), (407, 'R', 'W')]",0.1258997192639999,1.4435000000000002
moclobemide_processed.csv,"[(154, 'V', 'S'), (197, 'I', 'S'), (300, 'A', 'F'), (407, 'R', 'Y')]",0.741409457888,0.828000000000003
moclobemide_processed.csv,"[(154, 'V', 'S'), (197, 'I', 'S'), (300, 'A', 'G'), (407, 'R', 'R')]",0.216827294288,0.3105000000000011
moclobemide_processed.csv,"[(154, 'V', 'S'), (197, 'I', 'S'), (300, 'A', 'H'), (407, 'R', 'R')]",0.1748607211999999,0.6784999999999997
moclobemide_processed.csv,"[(154, 'V', 'S'), (197, 'I', 'S'), (300, 'A', 'I'), (407, 'R', 'R')]",0.1328941481119999,0.6330000000000009
moclobemide_processed.csv,"[(154, 'V', 'S'), (197, 'I', 'S'), (300, 'A', 'K'), (407, 'R', 'R')]",0.1538774346559999,1.5829999999999984
moclobemide_processed.csv,"[(154, 'V', 'S'), (197, 'I', 'S'), (300, 'A', 'L'), (407, 'R', 'R')]",0.6834440610000002,0.5715000000000021
moclobemide_processed.csv,"[(154, 'V', 'S'), (197, 'I', 'S'), (300, 'A', 'M'), (407, 'R', 'R')]",0.216827294288,0.32099999999999795
moclobemide_processed.csv,"[(154, 'V', 'S'), (197, 'I', 'S'), (300, 'A', 'N'), (407, 'R', 'R')]",0.10491643272,1.015500000000003
moclobemide_processed.csv,"[(154, 'V', 'S'), (197, 'I', 'S'), (300, 'A', 'P'), (407, 'R', 'R')]",0.0629498596319999,0.7479999999999958
moclobemide_processed.csv,"[(154, 'V', 'S'), (197, 'I', 'S'), (300, 'A', 'Q'), (407, 'R', 'R')]",0.237810580832,0.4939999999999998
moclobemide_processed.csv,"[(154, 'V', 'S'), (197, 'I', 'S'), (300, 'A', 'R'), (407, 'R', 'R')]",0.0839331461759999,1.434000000000001
moclobemide_processed.csv,"[(154, 'V', 'S'), (197, 'I', 'S'), (300, 'A', 'S'), (407, 'R', 'R')]",0.111910861568,1.0230000000000032
moclobemide_processed.csv,"[(154, 'V', 'S'), (197, 'I', 'S'), (300, 'A', 'T'), (407, 'R', 'R')]",0.2727827250719999,0.3549999999999969
moclobemide_processed.csv,"[(154, 'V', 'S'), (197, 'I', 'S'), (300, 'A', 'V'), (407, 'R', 'R')]",0.118905290416,0.7584999999999997
moclobemide_processed.csv,"[(154, 'V', 'S'), (197, 'I', 'S'), (300, 'A', 'W'), (407, 'R', 'R')]",0.055955430784,0.19849999999999923
moclobemide_processed.csv,"[(154, 'V', 'S'), (197, 'I', 'S'), (300, 'A', 'Y'), (407, 'R', 'R')]",0.216827294288,0.5249999999999986
moclobemide_processed.csv,"[(154, 'V', 'S'), (197, 'I', 'T'), (300, 'A', 'A'), (407, 'R', 'R')]",0.2651791999999999,-0.08800000000000097
moclobemide_processed.csv,"[(154, 'V', 'S'), (197, 'I', 'T'), (300, 'A', 'C'), (407, 'R', 'R')]",0.23952144832,1.553999999999995
moclobemide_processed.csv,"[(154, 'V', 'S'), (197, 'I', 'T'), (300, 'A', 'D'), (407, 'R', 'R')]",0.23952144832,0.17150000000000176
moclobemide_processed.csv,"[(154, 'V', 'S'), (197, 'I', 'T'), (300, 'A', 'E'), (407, 'R', 'R')]",0.328486557696,0.3999999999999986
moclobemide_processed.csv,"[(154, 'V', 'S'), (197, 'I', 'T'), (300, 'A', 'F'), (407, 'R', 'A')]",0.020530409856,1.6439999999999984
moclobemide_processed.csv,"[(154, 'V', 'S'), (197, 'I', 'T'), (300, 'A', 'F'), (407, 'R', 'C')]",0.266895328128,1.4504999999999981
moclobemide_processed.csv,"[(154, 'V', 'S'), (197, 'I', 'T'), (300, 'A', 'F'), (407, 'R', 'D')]",0.013686939904,1.4495000000000005
moclobemide_processed.csv,"[(154, 'V', 'S'), (197, 'I', 'T'), (300, 'A', 'F'), (407, 'R', 'E')]",0.041060819712,1.6930000000000014
moclobemide_processed.csv,"[(154, 'V', 'S'), (197, 'I', 'T'), (300, 'A', 'F'), (407, 'R', 'F')]",0.437982076928,0.7929999999999993
moclobemide_processed.csv,"[(154, 'V', 'S'), (197, 'I', 'T'), (300, 'A', 'F'), (407, 'R', 'G')]",0.177930218752,0.9254999999999995
moclobemide_processed.csv,"[(154, 'V', 'S'), (197, 'I', 'T'), (300, 'A', 'F'), (407, 'R', 'H')]",0.191617158656,-0.35549999999999926
moclobemide_processed.csv,"[(154, 'V', 'S'), (197, 'I', 'T'), (300, 'A', 'F'), (407, 'R', 'I')]",0.8622772139520001,1.1110000000000007
moclobemide_processed.csv,"[(154, 'V', 'S'), (197, 'I', 'T'), (300, 'A', 'F'), (407, 'R', 'K')]",0.130025929088,1.285499999999999
moclobemide_processed.csv,"[(154, 'V', 'S'), (197, 'I', 'T'), (300, 'A', 'F'), (407, 'R', 'L')]",0.8828076238080002,1.8204999999999991
moclobemide_processed.csv,"[(154, 'V', 'S'), (197, 'I', 'T'), (300, 'A', 'F'), (407, 'R', 'M')]",0.8622772139520001,1.245000000000001
moclobemide_processed.csv,"[(154, 'V', 'S'), (197, 'I', 'T'), (300, 'A', 'F'), (407, 'R', 'N')]",0.198460628608,1.5135000000000005
moclobemide_processed.csv,"[(154, 'V', 'S'), (197, 'I', 'T'), (300, 'A', 'F'), (407, 'R', 'P')]",0.020530409856,0.8364999999999974
moclobemide_processed.csv,"[(154, 'V', 'S'), (197, 'I', 'T'), (300, 'A', 'F'), (407, 'R', 'Q')]",0.7048774050560002,1.2369999999999983
moclobemide_processed.csv,"[(154, 'V', 'S'), (197, 'I', 'T'), (300, 'A', 'F'), (407, 'R', 'R')]",0.6843469952000001,1.0870000000000033
moclobemide_processed.csv,"[(154, 'V', 'S'), (197, 'I', 'T'), (300, 'A', 'F'), (407, 'R', 'S')]",0.191617158656,1.4959999999999987
moclobemide_processed.csv,"[(154, 'V', 'S'), (197, 'I', 'T'), (300, 'A', 'F'), (407, 'R', 'T')]",0.5337906562560001,1.7149999999999999
moclobemide_processed.csv,"[(154, 'V', 'S'), (197, 'I', 'T'), (300, 'A', 'F'), (407, 'R', 'V')]",0.9238684435200002,0.8469999999999978
moclobemide_processed.csv,"[(154, 'V', 'S'), (197, 'I', 'T'), (300, 'A', 'F'), (407, 'R', 'W')]",0.0,1.8554999999999993
moclobemide_processed.csv,"[(154, 'V', 'S'), (197, 'I', 'T'), (300, 'A', 'F'), (407, 'R', 'Y')]",0.349016967552,0.8474999999999966
moclobemide_processed.csv,"[(154, 'V', 'S'), (197, 'I', 'T'), (300, 'A', 'G'), (407, 'R', 'R')]",0.20530409856,1.0504999999999995
moclobemide_processed.csv,"[(154, 'V', 'S'), (197, 'I', 'T'), (300, 'A', 'H'), (407, 'R', 'R')]",0.095808579328,0.5229999999999997
moclobemide_processed.csv,"[(154, 'V', 'S'), (197, 'I', 'T'), (300, 'A', 'I'), (407, 'R', 'R')]",0.23952144832,-0.02499999999999858
moclobemide_processed.csv,"[(154, 'V', 'S'), (197, 'I', 'T'), (300, 'A', 'K'), (407, 'R', 'R')]",0.116338989184,1.1550000000000011
moclobemide_processed.csv,"[(154, 'V', 'S'), (197, 'I', 'T'), (300, 'A', 'L'), (407, 'R', 'R')]",0.6277560264000001,0.28300000000000125
moclobemide_processed.csv,"[(154, 'V', 'S'), (197, 'I', 'T'), (300, 'A', 'M'), (407, 'R', 'R')]",0.123182459136,1.3209999999999997
moclobemide_processed.csv,"[(154, 'V', 'S'), (197, 'I', 'T'), (300, 'A', 'N'), (407, 'R', 'R')]",0.13686939904,1.0309999999999988
moclobemide_processed.csv,"[(154, 'V', 'S'), (197, 'I', 'T'), (300, 'A', 'P'), (407, 'R', 'R')]",0.054747759616,0.2535000000000025
moclobemide_processed.csv,"[(154, 'V', 'S'), (197, 'I', 'T'), (300, 'A', 'Q'), (407, 'R', 'R')]",0.184773688704,0.8535000000000004
moclobemide_processed.csv,"[(154, 'V', 'S'), (197, 'I', 'T'), (300, 'A', 'R'), (407, 'R', 'R')]",0.130025929088,1.5659999999999954
moclobemide_processed.csv,"[(154, 'V', 'S'), (197, 'I', 'T'), (300, 'A', 'S'), (407, 'R', 'R')]",0.054747759616,1.6174999999999997
moclobemide_processed.csv,"[(154, 'V', 'S'), (197, 'I', 'T'), (300, 'A', 'T'), (407, 'R', 'R')]",0.1710867488,0.557500000000001
moclobemide_processed.csv,"[(154, 'V', 'S'), (197, 'I', 'T'), (300, 'A', 'V'), (407, 'R', 'R')]",0.06843469952,0.16750000000000043
moclobemide_processed.csv,"[(154, 'V', 'S'), (197, 'I', 'T'), (300, 'A', 'W'), (407, 'R', 'R')]",0.054747759616,0.4175000000000004
moclobemide_processed.csv,"[(154, 'V', 'S'), (197, 'I', 'T'), (300, 'A', 'Y'), (407, 'R', 'R')]",0.0,0.40549999999999997
moclobemide_processed.csv,"[(154, 'V', 'S'), (197, 'I', 'V'), (300, 'A', 'A'), (407, 'R', 'R')]",0.1081651999999999,0.2560000000000002
moclobemide_processed.csv,"[(154, 'V', 'S'), (197, 'I', 'V'), (300, 'A', 'F'), (407, 'R', 'R')]",0.075479448,1.0700000000000038
moclobemide_processed.csv,"[(154, 'V', 'S'), (197, 'I', 'V'), (300, 'A', 'L'), (407, 'R', 'R')]",0.1822517496,1.2225000000000037
moclobemide_processed.csv,"[(154, 'V', 'S'), (197, 'I', 'W'), (300, 'A', 'A'), (407, 'R', 'R')]",0.1291003999999999,0.7654999999999994
moclobemide_processed.csv,"[(154, 'V', 'S'), (197, 'I', 'W'), (300, 'A', 'F'), (407, 'R', 'R')]",0.0452876688,1.6595000000000013
moclobemide_processed.csv,"[(154, 'V', 'S'), (197, 'I', 'W'), (300, 'A', 'L'), (407, 'R', 'R')]",0.101250972,1.3290000000000006
moclobemide_processed.csv,"[(154, 'V', 'S'), (197, 'I', 'Y'), (300, 'A', 'A'), (407, 'R', 'R')]",0.1011867999999999,0.5375000000000014
moclobemide_processed.csv,"[(154, 'V', 'S'), (197, 'I', 'Y'), (300, 'A', 'F'), (407, 'R', 'R')]",0.0654155216,1.6020000000000003
moclobemide_processed.csv,"[(154, 'V', 'S'), (197, 'I', 'Y'), (300, 'A', 'L'), (407, 'R', 'R')]",0.0860633262,0.37450000000000117
moclobemide_processed.csv,"[(154, 'V', 'T'), (197, 'I', 'I'), (300, 'A', 'A'), (407, 'R', 'R')]",0.0118200141769612,0.5485000000000007
moclobemide_processed.csv,"[(154, 'V', 'T'), (197, 'I', 'S'), (300, 'A', 'F'), (407, 'R', 'R')]",0.0349721442399999,0.7590000000000003
moclobemide_processed.csv,"[(154, 'V', 'T'), (197, 'I', 'T'), (300, 'A', 'F'), (407, 'R', 'R')]",0.0,1.319499999999998
moclobemide_processed.csv,"[(154, 'V', 'V'), (197, 'I', 'A'), (300, 'A', 'A'), (407, 'R', 'R')]",0.095038,1.0189999999999984
moclobemide_processed.csv,"[(154, 'V', 'V'), (197, 'I', 'C'), (300, 'A', 'A'), (407, 'R', 'R')]",0.010858,0.352999999999998
moclobemide_processed.csv,"[(154, 'V', 'V'), (197, 'I', 'D'), (300, 'A', 'A'), (407, 'R', 'R')]",0.007076,0.31899999999999906
moclobemide_processed.csv,"[(154, 'V', 'V'), (197, 'I', 'E'), (300, 'A', 'A'), (407, 'R', 'R')]",0.023302,1.3240000000000016
moclobemide_processed.csv,"[(154, 'V', 'V'), (197, 'I', 'F'), (300, 'A', 'A'), (407, 'R', 'R')]",0.008174,-0.48200000000000287
moclobemide_processed.csv,"[(154, 'V', 'V'), (197, 'I', 'G'), (300, 'A', 'A'), (407, 'R', 'R')]",0.0,0.3464999999999989
moclobemide_processed.csv,"[(154, 'V', 'V'), (197, 'I', 'H'), (300, 'A', 'A'), (407, 'R', 'R')]",0.0,1.464500000000001
moclobemide_processed.csv,"[(154, 'V', 'V'), (197, 'I', 'I'), (300, 'A', 'A'), (407, 'R', 'A')]",0.108702,-0.15900000000000247
moclobemide_processed.csv,"[(154, 'V', 'V'), (197, 'I', 'I'), (300, 'A', 'A'), (407, 'R', 'C')]",0.153476,-0.30400000000000205
moclobemide_processed.csv,"[(154, 'V', 'V'), (197, 'I', 'I'), (300, 'A', 'A'), (407, 'R', 'D')]",0.005124,0.0940000000000012
moclobemide_processed.csv,"[(154, 'V', 'V'), (197, 'I', 'I'), (300, 'A', 'A'), (407, 'R', 'E')]",0.039284,0.3260000000000005
moclobemide_processed.csv,"[(154, 'V', 'V'), (197, 'I', 'I'), (300, 'A', 'A'), (407, 'R', 'F')]",0.01708,-0.10499999999999687
moclobemide_processed.csv,"[(154, 'V', 'V'), (197, 'I', 'I'), (300, 'A', 'A'), (407, 'R', 'G')]",0.0671,-0.8545000000000016
moclobemide_processed.csv,"[(154, 'V', 'V'), (197, 'I', 'I'), (300, 'A', 'A'), (407, 'R', 'H')]",0.047458,0.8154999999999966
moclobemide_processed.csv,"[(154, 'V', 'V'), (197, 'I', 'I'), (300, 'A', 'A'), (407, 'R', 'I')]",0.12932,0.2809999999999988
moclobemide_processed.csv,"[(154, 'V', 'V'), (197, 'I', 'I'), (300, 'A', 'A'), (407, 'R', 'K')]",0.0309879999999999,-0.6320000000000014
moclobemide_processed.csv,"[(154, 'V', 'V'), (197, 'I', 'I'), (300, 'A', 'A'), (407, 'R', 'L')]",0.125904,0.5685000000000002
moclobemide_processed.csv,"[(154, 'V', 'V'), (197, 'I', 'I'), (300, 'A', 'A'), (407, 'R', 'M')]",0.07686,-0.5279999999999987
moclobemide_processed.csv,"[(154, 'V', 'V'), (197, 'I', 'I'), (300, 'A', 'A'), (407, 'R', 'N')]",0.142374,-0.048500000000000654
moclobemide_processed.csv,"[(154, 'V', 'V'), (197, 'I', 'I'), (300, 'A', 'A'), (407, 'R', 'P')]",0.002928,0.5010000000000012
moclobemide_processed.csv,"[(154, 'V', 'V'), (197, 'I', 'I'), (300, 'A', 'A'), (407, 'R', 'Q')]",0.160308,-0.38899999999999935
moclobemide_processed.csv,"[(154, 'V', 'V'), (197, 'I', 'I'), (300, 'A', 'A'), (407, 'R', 'R')]",0.14,-0.10649999999999693
moclobemide_processed.csv,"[(154, 'V', 'V'), (197, 'I', 'I'), (300, 'A', 'A'), (407, 'R', 'S')]",0.05185,-0.24800000000000466
moclobemide_processed.csv,"[(154, 'V', 'V'), (197, 'I', 'I'), (300, 'A', 'A'), (407, 'R', 'T')]",0.147498,0.3030000000000008
moclobemide_processed.csv,"[(154, 'V', 'V'), (197, 'I', 'I'), (300, 'A', 'A'), (407, 'R', 'V')]",0.228628,0.26000000000000156
moclobemide_processed.csv,"[(154, 'V', 'V'), (197, 'I', 'I'), (300, 'A', 'A'), (407, 'R', 'W')]",0.0,1.0055000000000014
moclobemide_processed.csv,"[(154, 'V', 'V'), (197, 'I', 'I'), (300, 'A', 'A'), (407, 'R', 'Y')]",0.0244,0.3910000000000018
moclobemide_processed.csv,"[(154, 'V', 'V'), (197, 'I', 'I'), (300, 'A', 'C'), (407, 'R', 'R')]",0.1009255664925138,0.925499999999996
moclobemide_processed.csv,"[(154, 'V', 'V'), (197, 'I', 'I'), (300, 'A', 'D'), (407, 'R', 'R')]",0.0903828452113604,0.8155000000000001
moclobemide_processed.csv,"[(154, 'V', 'V'), (197, 'I', 'I'), (300, 'A', 'E'), (407, 'R', 'R')]",0.1193990807640201,1.192499999999999
moclobemide_processed.csv,"[(154, 'V', 'V'), (197, 'I', 'I'), (300, 'A', 'F'), (407, 'R', 'R')]",0.2719939396709077,1.971
moclobemide_processed.csv,"[(154, 'V', 'V'), (197, 'I', 'I'), (300, 'A', 'G'), (407, 'R', 'R')]",0.1206347067984904,0.9544999999999995
moclobemide_processed.csv,"[(154, 'V', 'V'), (197, 'I', 'I'), (300, 'A', 'H'), (407, 'R', 'R')]",0.0466547880916719,0.9555000000000007
moclobemide_processed.csv,"[(154, 'V', 'V'), (197, 'I', 'I'), (300, 'A', 'I'), (407, 'R', 'R')]",0.0868517872457147,0.3994999999999962
moclobemide_processed.csv,"[(154, 'V', 'V'), (197, 'I', 'I'), (300, 'A', 'K'), (407, 'R', 'R')]",0.0295576493836124,0.8359999999999985
moclobemide_processed.csv,"[(154, 'V', 'V'), (197, 'I', 'I'), (300, 'A', 'L'), (407, 'R', 'R')]",0.2407139217060349,0.6380000000000017
moclobemide_processed.csv,"[(154, 'V', 'V'), (197, 'I', 'I'), (300, 'A', 'M'), (407, 'R', 'R')]",0.1029139676251182,0.777000000000001
moclobemide_processed.csv,"[(154, 'V', 'V'), (197, 'I', 'I'), (300, 'A', 'N'), (407, 'R', 'R')]",0.0953337299886998,1.4665
moclobemide_processed.csv,"[(154, 'V', 'V'), (197, 'I', 'I'), (300, 'A', 'P'), (407, 'R', 'R')]",0.0240712311838273,0.6389999999999993
moclobemide_processed.csv,"[(154, 'V', 'V'), (197, 'I', 'I'), (300, 'A', 'Q'), (407, 'R', 'R')]",0.1033972146947886,1.424000000000003
moclobemide_processed.csv,"[(154, 'V', 'V'), (197, 'I', 'I'), (300, 'A', 'R'), (407, 'R', 'R')]",0.1128190217775381,0.7290000000000028
moclobemide_processed.csv,"[(154, 'V', 'V'), (197, 'I', 'I'), (300, 'A', 'S'), (407, 'R', 'R')]",0.0782457817024591,1.5969999999999978
moclobemide_processed.csv,"[(154, 'V', 'V'), (197, 'I', 'I'), (300, 'A', 'T'), (407, 'R', 'R')]",0.116973429266539,0.2635000000000005
moclobemide_processed.csv,"[(154, 'V', 'V'), (197, 'I', 'I'), (300, 'A', 'V'), (407, 'R', 'R')]",0.2275933054176417,-0.06099999999999994
moclobemide_processed.csv,"[(154, 'V', 'V'), (197, 'I', 'I'), (300, 'A', 'W'), (407, 'R', 'R')]",0.0982184418007422,0.6385000000000005
moclobemide_processed.csv,"[(154, 'V', 'V'), (197, 'I', 'I'), (300, 'A', 'Y'), (407, 'R', 'R')]",0.090141431788914,1.7775000000000034
moclobemide_processed.csv,"[(154, 'V', 'V'), (197, 'I', 'K'), (300, 'A', 'A'), (407, 'R', 'R')]",0.0,1.1239999999999988
moclobemide_processed.csv,"[(154, 'V', 'V'), (197, 'I', 'L'), (300, 'A', 'A'), (407, 'R', 'R')]",0.0,0.6904999999999966
moclobemide_processed.csv,"[(154, 'V', 'V'), (197, 'I', 'M'), (300, 'A', 'A'), (407, 'R', 'R')]",0.005612,0.8765000000000001
moclobemide_processed.csv,"[(154, 'V', 'V'), (197, 'I', 'N'), (300, 'A', 'A'), (407, 'R', 'R')]",0.016348,0.9170000000000016
moclobemide_processed.csv,"[(154, 'V', 'V'), (197, 'I', 'P'), (300, 'A', 'A'), (407, 'R', 'R')]",0.0147619999999999,1.1075000000000017
moclobemide_processed.csv,"[(154, 'V', 'V'), (197, 'I', 'Q'), (300, 'A', 'A'), (407, 'R', 'R')]",0.004148,1.0169999999999995
moclobemide_processed.csv,"[(154, 'V', 'V'), (197, 'I', 'R'), (300, 'A', 'A'), (407, 'R', 'R')]",0.038552,1.0710000000000015
moclobemide_processed.csv,"[(154, 'V', 'V'), (197, 'I', 'S'), (300, 'A', 'A'), (407, 'R', 'R')]",0.204472,-0.06199999999999761
moclobemide_processed.csv,"[(154, 'V', 'V'), (197, 'I', 'S'), (300, 'A', 'F'), (407, 'R', 'R')]",0.048961001936,1.7260000000000026
moclobemide_processed.csv,"[(154, 'V', 'V'), (197, 'I', 'T'), (300, 'A', 'A'), (407, 'R', 'R')]",0.081618,-0.10849999999999937
moclobemide_processed.csv,"[(154, 'V', 'V'), (197, 'I', 'T'), (300, 'A', 'F'), (407, 'R', 'R')]",0.061591229568,1.0304999999999964
moclobemide_processed.csv,"[(154, 'V', 'V'), (197, 'I', 'V'), (300, 'A', 'A'), (407, 'R', 'R')]",0.0,0.21150000000000446
moclobemide_processed.csv,"[(154, 'V', 'V'), (197, 'I', 'W'), (300, 'A', 'A'), (407, 'R', 'R')]",0.004758,1.5120000000000005
moclobemide_processed.csv,"[(154, 'V', 'V'), (197, 'I', 'Y'), (300, 'A', 'A'), (407, 'R', 'R')]",0.016836,0.1369999999999969
moclobemide_processed.csv,"[(154, 'V', 'W'), (197, 'I', 'I'), (300, 'A', 'A'), (407, 'R', 'R')]",0.0,0.713000000000001
moclobemide_processed.csv,"[(154, 'V', 'W'), (197, 'I', 'S'), (300, 'A', 'F'), (407, 'R', 'R')]",0.2727827250719999,1.5269999999999975
moclobemide_processed.csv,"[(154, 'V', 'W'), (197, 'I', 'T'), (300, 'A', 'F'), (407, 'R', 'R')]",0.10265204928,1.175500000000003
moclobemide_processed.csv,"[(154, 'V', 'Y'), (197, 'I', 'I'), (300, 'A', 'A'), (407, 'R', 'R')]",0.0,-0.18900000000000006
moclobemide_processed.csv,"[(154, 'V', 'Y'), (197, 'I', 'S'), (300, 'A', 'F'), (407, 'R', 'R')]",0.027977715392,1.5690000000000026
moclobemide_processed.csv,"[(154, 'V', 'Y'), (197, 'I', 'T'), (300, 'A', 'F'), (407, 'R', 'R')]",0.0,1.0180000000000007
