iteration,sequence,stability_score,ddg
WT,MAEGEITTFTALTEKFNLPPGNYKKPKLLYCSNGGHFLRILPDGTVDGTRDRSDQHIQLQLSAESVGEVYIKSTETGQYLAMDTDGLLYGSQTPNEECLFLERLEENHYNTYISKKHAEKNWFVGLKKNGSCKRGPRTHYGQKAILFLPLPVSSD
21,MAEGEITTFTALTEKFNLPPGNYKKPKLLYCSNGGHFLRILPDGTVDGTRDRSDVHIQLQLSAESVGEVYIKSTETGQYLAMLTDGLLYGSQTPNEECLFLERLEENHYNTYISKKHAEKNWFVGLKLNGSCKLGPRTHYGQKAILFLPLPVSSD,-147.55646431821017,N/A
14,MAEGEITTFTALTEKFNLPPGNYKKPKLLYCSNGGHFLRILPDGTVDGTRDRSDQHIQLQLSAESVGEVYIKSTETGQYLAMDTDGLLYGSQTPNEECLFLERLEENHYNTYISKEHAEKNWFVGLKKNGSCKRGPRTHYGQKAILFLPLPVSSD,-147.38288413732366,N/A
19,MAEGEITTFTALTEKFNLPPGNYKKPKLLYCSNGGHFLRILPDGTVDGTRDRSDQHIQLQLSAESVGEVYIKSTETGQYLAMDTDGLLYGSQTPNEECLFLERLEENHYNTYISKKHAEKNWFVGLKKNGSCKRGPRTHYGQKAILFVPLPVSSD,-143.60084772615917,N/A
3,MAEGEITTFTALTEKFNLPPGNYKKPMLLYCSNGGHFLRILPDGTVDGTRDRSDQHIQLQLSAESVGEVYIKSTETGQYLAMDTDGLLYGSQTPNEECLFLERLQENHYNTYISEKHAEKNWFVGLKNNGSCKRGPRTHYGQKAILFLPLPVSSD,-142.85159825290958,N/A
7,MAEGEITTFTALTEKFNLPPGNYKKPKLAYCSNGGHFLRILPDGTVDGTRDRSDQHIQLQLSAESVGEVYIKSTETGQYLAMDTDGLLYASQTPNEECLFLERLEENHYNTYISKKHAEKNWFVGLKKNGSCKRGPRTHYGQKAILFLPLPLSSD,-128.17165795613394,N/A
23,MAEGEITTFTALTEKFNLPPGNYKKPKLLYCSNGGHFLRILPDGTVDGTRDRSDLHIQLQLVAESVGEVYIKSTETGQYLAMDTDGLLYGSQTPNEECLFLERLEENVYNTYISKKHAAEKNWFVGLKENGSCKKGPRTHYGQKAILFLPLPVSSD,-126.16955003715762,N/A
37,MAEGEITTFTALTEKFNLPPGNYKKPKLLYCSNGGYFLRILPDGTVDGTRDRSDFHIQLQLIAESVGEVYIKSTETGQYLAMDTDGLLYGSQTPNEECLFLERLEENGYNTYISNKYAEKNWYVGLKKNGSCKRGPRTHYGQKAILFLPLPVSSD,-125.0720514235733,N/A
22,MAEGEITTFTALTEKFNLPPGNYKKPKLLYCSNGGHFLRILPDGTVDGTRDRSDQHIQLQLSAESVGEVYIKSTETGQYLAMDTDGLLYGSQTPNEECLFLERLEENHYNTYISKIHAEKNWFVGLKYNGSCKYGPRTHYGQKAILFLPLPVSSD,-117.0438311365688,N/A
5,MAEGEITTFTALTEKFNLPPGNYKKPKLLYCSDGGHFLRILPDGTVLGTRDRSDQHIQLQLSAESVGEVYIKSTETGQYLAMDTDGLLYGSQTPNEECLFLERLEENEYNTYISKAHAEKNWFVGLKKNGSCKAGPRTHYGQKAILFLPLPVSSD,-99.1654018007971,N/A
6,MAEGEITTFTALTEKFNLPPGNYKKPKLLYYSNGGHFFRILPDGTVDGTRDRSDQHIQLQLSAESVGEVYIKSTETGQYLAMDTDGLLYGSQTPNEECLFLERLEENYYNTYIKKKYAKEKNWFVGVKKNGSCKRGPRTHYGQKAILFLPLPVSSD,-32.15023136469982,-79.69097683913213
35,MAEGEITTFTALTEKFNLPPGNYKKPKLLYCSNGGHFLRILPDGTVDGTRDRSDQHIQLQLSAESVGEVYIKSTETGQYLAMDTDGLLYGSQTPNEECLFLERLEENHYNTYISKKHAEKNWFVGLKKNGSCKRGPRTHYGQKAILFLPLPLSSD,-5.867833409780552,-53.40857888421287
52,MAEGEITTFTALTEKFNLPPGAYKKPKLLYCSNGGHFLRILPDGTVDGTRDRSDQHIQLQLSAESVGEVYIKSTETGQYLAMDTDGLLYGSQTPNEECLFLERLEENHYNTYISKKHAEKNWFVGLKKNGSCKEGPCTHYGQEAILFLPLPVCSD,-193.5740080117141,-242.8294122275179
47,MAEGEITTFTALTESFNLPPGNYKKPKLLYCSNGGHFLRILPLGTVVGTRDRSDQHIQLQLSAESVPEVYIKSTETGQYLAMDTDGLLYGSQTPNEECLFLERLEENHYNTYISKKHAEKNWFVGLKKNGSCKRGPRTHYGQKAILFLPLPVSSD,-182.34118872134624,-231.59659293715004
56,MAEGEITTFTALTEKFNLPPGFYKKPKLLYCSNGGHFLPILPDGTVDGTRDRSDQHIQLQLSAESVGEVYIKSTETGQYLAMDTDGLLYGSQTPNTCLFLERLEENAYNTYISKKHAEKNWFVGLKKNGSCKRGPRTHYGQSAILFLPLPVSSD,-174.11074958097325,-223.36615379677704
53,MAEGEITTFTALTEKFNLPPGNYKKPKLLYCSNGGHFLRILPDGTVDGTRDRSDQHIQLQLSAESVGEVYIKSTETGQYLAMDTDGLLYGSQTPNEECLFLERLEENHYETYISKEHAEKNWFVGLKLNGSCKRGPRTHYGQKAILFLPLPVSSD,-170.15608378104855,-219.41148799685234
27,MAEGEITTFTALTEKFNLPPGNYKKPKLLYCSNGGHFLRILPDGTVDGTRDRSDQHIQLQLSPESVGEVYIKSTETGQYLAMDTDGLLYGSQTPNEECLFLERLEENHYNTYISKKHAEKNWFVGLEKNGSCKRGPRTHYGQKAILFLPLEVSSD,-169.02321436231938,-218.27861857812317
33,MAEGEITTFTALTEKFNLPPGNYKKPKLLYCSNGGHFLRILPDGTVDGTRDRSDQHIQLQLSAESVGEVYIKSTETGQYLAMDTDGLLYGSQTPNEECLFLERLEENHYNTYISKGNAEKNWFVGLNKNGSCKRGPRTHYGQKAILFLPLPVSSD,-155.3453505188514,-204.6007547346552
39,MAEGEITTFTALTEKFNLPPGNYKKPKLLYCSNGGHFLRILPDGTVDGTRDRSDQHIQLQLSAESVGEVYIKSTETGQYLAMDTDGLLYGSQTPLEACLFLERLEENHYNTYISQKHAEKNWFVGLKKNGSCKRGPRTHYGQKAILFLPLPVSSD,-148.9689524863575,-198.2243567021613
19,MAEGEITTFTALTEKFNLPPGNYLLYCSNGGHFFRILPDGTVDGTRDRSDQHIQLQLSAESVGEVYIKSTETGQYLAMDTDGLLYGSQTPNEECLFLERLEENHLNTYISKKHAEKNWFVGLKKNGSCKRGPRTHYGQKAILIFLPLPVSSD,-148.63948112243142,-197.8948853382352