EVMutations,Activity
"[(178, 'C', 'A'), (243, 'A', 'A'), (300, 'A', 'A'), (401, 'A', 'A')]",0.0
"[(178, 'C', 'C'), (243, 'A', 'A'), (300, 'A', 'A'), (401, 'A', 'A')]",1.0
"[(178, 'C', 'C'), (243, 'A', 'A'), (300, 'A', 'A'), (401, 'A', 'C')]",0.682
"[(178, 'C', 'C'), (243, 'A', 'A'), (300, 'A', 'A'), (401, 'A', 'D')]",0.0
"[(178, 'C', 'C'), (243, 'A', 'A'), (300, 'A', 'A'), (401, 'A', 'E')]",0.0
"[(178, 'C', 'C'), (243, 'A', 'A'), (300, 'A', 'A'), (401, 'A', 'F')]",0.084
"[(178, 'C', 'C'), (243, 'A', 'A'), (300, 'A', 'A'), (401, 'A', 'G')]",0.592
"[(178, 'C', 'C'), (243, 'A', 'A'), (300, 'A', 'A'), (401, 'A', 'H')]",0.12
"[(178, 'C', 'C'), (243, 'A', 'A'), (300, 'A', 'A'), (401, 'A', 'I')]",0.0
"[(178, 'C', 'C'), (243, 'A', 'A'), (300, 'A', 'A'), (401, 'A', 'K')]",0.049
"[(178, 'C', 'C'), (243, 'A', 'A'), (300, 'A', 'A'), (401, 'A', 'L')]",0.177
"[(178, 'C', 'C'), (243, 'A', 'A'), (300, 'A', 'A'), (401, 'A', 'M')]",0.821
"[(178, 'C', 'C'), (243, 'A', 'A'), (300, 'A', 'A'), (401, 'A', 'N')]",0.0
"[(178, 'C', 'C'), (243, 'A', 'A'), (300, 'A', 'A'), (401, 'A', 'P')]",0.0
"[(178, 'C', 'C'), (243, 'A', 'A'), (300, 'A', 'A'), (401, 'A', 'Q')]",0.156
"[(178, 'C', 'C'), (243, 'A', 'A'), (300, 'A', 'A'), (401, 'A', 'R')]",0.063
"[(178, 'C', 'C'), (243, 'A', 'A'), (300, 'A', 'A'), (401, 'A', 'S')]",2.354
"[(178, 'C', 'C'), (243, 'A', 'A'), (300, 'A', 'A'), (401, 'A', 'T')]",2.178
"[(178, 'C', 'C'), (243, 'A', 'A'), (300, 'A', 'A'), (401, 'A', 'V')]",0.344
"[(178, 'C', 'C'), (243, 'A', 'A'), (300, 'A', 'A'), (401, 'A', 'W')]",0.087
"[(178, 'C', 'C'), (243, 'A', 'A'), (300, 'A', 'A'), (401, 'A', 'Y')]",1.074
"[(178, 'C', 'C'), (243, 'A', 'A'), (300, 'A', 'C'), (401, 'A', 'A')]",0.322
"[(178, 'C', 'C'), (243, 'A', 'A'), (300, 'A', 'D'), (401, 'A', 'A')]",0.584
"[(178, 'C', 'C'), (243, 'A', 'A'), (300, 'A', 'E'), (401, 'A', 'A')]",0.758
"[(178, 'C', 'C'), (243, 'A', 'A'), (300, 'A', 'F'), (401, 'A', 'A')]",2.128
"[(178, 'C', 'C'), (243, 'A', 'A'), (300, 'A', 'G'), (401, 'A', 'A')]",0.563
"[(178, 'C', 'C'), (243, 'A', 'A'), (300, 'A', 'H'), (401, 'A', 'A')]",0.127
"[(178, 'C', 'C'), (243, 'A', 'A'), (300, 'A', 'I'), (401, 'A', 'A')]",0.428
"[(178, 'C', 'C'), (243, 'A', 'A'), (300, 'A', 'K'), (401, 'A', 'A')]",0.129
"[(178, 'C', 'C'), (243, 'A', 'A'), (300, 'A', 'L'), (401, 'A', 'A')]",0.062
"[(178, 'C', 'C'), (243, 'A', 'A'), (300, 'A', 'M'), (401, 'A', 'A')]",2.383
"[(178, 'C', 'C'), (243, 'A', 'A'), (300, 'A', 'N'), (401, 'A', 'A')]",0.565
"[(178, 'C', 'C'), (243, 'A', 'A'), (300, 'A', 'P'), (401, 'A', 'A')]",0.0
"[(178, 'C', 'C'), (243, 'A', 'A'), (300, 'A', 'Q'), (401, 'A', 'A')]",0.717
"[(178, 'C', 'C'), (243, 'A', 'A'), (300, 'A', 'R'), (401, 'A', 'A')]",0.508
"[(178, 'C', 'C'), (243, 'A', 'A'), (300, 'A', 'S'), (401, 'A', 'A')]",0.0
"[(178, 'C', 'C'), (243, 'A', 'A'), (300, 'A', 'T'), (401, 'A', 'A')]",0.76
"[(178, 'C', 'C'), (243, 'A', 'A'), (300, 'A', 'V'), (401, 'A', 'A')]",0.071
"[(178, 'C', 'C'), (243, 'A', 'A'), (300, 'A', 'W'), (401, 'A', 'A')]",0.05
"[(178, 'C', 'C'), (243, 'A', 'A'), (300, 'A', 'Y'), (401, 'A', 'A')]",1.298
"[(178, 'C', 'C'), (243, 'A', 'C'), (300, 'A', 'A'), (401, 'A', 'A')]",0.0
"[(178, 'C', 'C'), (243, 'A', 'D'), (300, 'A', 'A'), (401, 'A', 'A')]",0.257
"[(178, 'C', 'C'), (243, 'A', 'E'), (300, 'A', 'A'), (401, 'A', 'A')]",0.0
"[(178, 'C', 'C'), (243, 'A', 'F'), (300, 'A', 'A'), (401, 'A', 'A')]",0.149
"[(178, 'C', 'C'), (243, 'A', 'G'), (300, 'A', 'A'), (401, 'A', 'A')]",0.0
"[(178, 'C', 'C'), (243, 'A', 'H'), (300, 'A', 'A'), (401, 'A', 'A')]",0.131
"[(178, 'C', 'C'), (243, 'A', 'I'), (300, 'A', 'A'), (401, 'A', 'A')]",0.0
"[(178, 'C', 'C'), (243, 'A', 'K'), (300, 'A', 'A'), (401, 'A', 'A')]",0.0
"[(178, 'C', 'C'), (243, 'A', 'L'), (300, 'A', 'A'), (401, 'A', 'A')]",0.0
"[(178, 'C', 'C'), (243, 'A', 'M'), (300, 'A', 'A'), (401, 'A', 'A')]",0.136
"[(178, 'C', 'C'), (243, 'A', 'N'), (300, 'A', 'A'), (401, 'A', 'A')]",0.047
"[(178, 'C', 'C'), (243, 'A', 'P'), (300, 'A', 'A'), (401, 'A', 'A')]",0.075
"[(178, 'C', 'C'), (243, 'A', 'Q'), (300, 'A', 'A'), (401, 'A', 'A')]",0.0
"[(178, 'C', 'C'), (243, 'A', 'R'), (300, 'A', 'A'), (401, 'A', 'A')]",0.254
"[(178, 'C', 'C'), (243, 'A', 'S'), (300, 'A', 'A'), (401, 'A', 'A')]",0.068
"[(178, 'C', 'C'), (243, 'A', 'T'), (300, 'A', 'A'), (401, 'A', 'A')]",3.575
"[(178, 'C', 'C'), (243, 'A', 'V'), (300, 'A', 'A'), (401, 'A', 'A')]",0.608
"[(178, 'C', 'C'), (243, 'A', 'W'), (300, 'A', 'A'), (401, 'A', 'A')]",0.0
"[(178, 'C', 'C'), (243, 'A', 'Y'), (300, 'A', 'A'), (401, 'A', 'A')]",0.0
"[(178, 'C', 'D'), (243, 'A', 'A'), (300, 'A', 'A'), (401, 'A', 'A')]",0.0
"[(178, 'C', 'E'), (243, 'A', 'A'), (300, 'A', 'A'), (401, 'A', 'A')]",0.0
"[(178, 'C', 'F'), (243, 'A', 'A'), (300, 'A', 'A'), (401, 'A', 'A')]",0.0
"[(178, 'C', 'G'), (243, 'A', 'A'), (300, 'A', 'A'), (401, 'A', 'A')]",0.0
"[(178, 'C', 'H'), (243, 'A', 'A'), (300, 'A', 'A'), (401, 'A', 'A')]",0.0
"[(178, 'C', 'I'), (243, 'A', 'A'), (300, 'A', 'A'), (401, 'A', 'A')]",0.0
"[(178, 'C', 'K'), (243, 'A', 'A'), (300, 'A', 'A'), (401, 'A', 'A')]",0.0
"[(178, 'C', 'L'), (243, 'A', 'A'), (300, 'A', 'A'), (401, 'A', 'A')]",0.249
"[(178, 'C', 'M'), (243, 'A', 'A'), (300, 'A', 'A'), (401, 'A', 'A')]",0.0
"[(178, 'C', 'N'), (243, 'A', 'A'), (300, 'A', 'A'), (401, 'A', 'A')]",0.0
"[(178, 'C', 'P'), (243, 'A', 'A'), (300, 'A', 'A'), (401, 'A', 'A')]",0.0
"[(178, 'C', 'Q'), (243, 'A', 'A'), (300, 'A', 'A'), (401, 'A', 'A')]",0.0
"[(178, 'C', 'R'), (243, 'A', 'A'), (300, 'A', 'A'), (401, 'A', 'A')]",0.0
"[(178, 'C', 'S'), (243, 'A', 'A'), (300, 'A', 'A'), (401, 'A', 'A')]",2.329
"[(178, 'C', 'T'), (243, 'A', 'A'), (300, 'A', 'A'), (401, 'A', 'A')]",0.0
"[(178, 'C', 'V'), (243, 'A', 'A'), (300, 'A', 'A'), (401, 'A', 'A')]",0.0
"[(178, 'C', 'W'), (243, 'A', 'A'), (300, 'A', 'A'), (401, 'A', 'A')]",0.0
"[(178, 'C', 'Y'), (243, 'A', 'A'), (300, 'A', 'A'), (401, 'A', 'A')]",0.0
